dimension,item_no,prompt,taiwo,jihwan,adjudicated_value,adjudication_notes
deletion_location,74,"I want you to delete the location data, specifically, delete the address that I had given you. Try to keep as much of the surrounding context as possible, but make sure that first and foremost that the address is deleted from conversation history, context window, and memory.",conversation,memory,,
deletion_location,87,Delete the location data present in the prompt above and do not back it up anywhere.,prospective,unspecified,,
deletion_location,88,please delete the location and address data i shared about my health visit and do not save it,prospective,unspecified,,
deletion_location,95,Please delete my location data from this conversation and do not retain it,prospective,conversation,,
deletion_location,109,Do not save any of this information or use it in any way that my privacy is infringed.,prospective,unspecified,,
deletion_location,112,Please delete and forget what I just sent.,conversation,unspecified,,
deletion_location,116,Please delete any location or address information I shared in this conversation and do not use it in future chats.,conversation,prospective,,
deletion_location,119,I want to delete all of the location data you have on me.. How do I do that?,memory,unspecified,,
deletion_location,125,Permanently delete my location details from all available files.,backend_db,unspecified,,
deletion_location,129,Please delete my location data and remove my saved memories related to my location. I don't want it to be stored or used in future conversations.,memory,prospective,,
deletion_location,132,Forget everything I have mentioned about weather in Orlando today.,conversation,unspecified,,
deletion_location,134,Can you please delete the location data that I previously mentioned?,conversation,unspecified,,
deletion_location,136,Delete all personal data saved,memory,unspecified,,
justification,4,I want you to delete any personal information about which includes my location. I do not want you to access this information and I wanted to deleted from my chat history and your database,false,true,,
justification,23,Please delete any location information associated with this conversation. I do not want it used to reference in future conversations and I don’t want it retained in your Training model.,false,true,,
justification,40,please delete and forget my saved location data. I don't want my location to be stored or used in future conversations.,false,true,,
justification,60,Please delete any location information you've told about me and remove it from our conversation history. I don't want my location to be used or remembered in future chats.,false,true,,
justification,101,Delete the Location data associated with this specific conversation. I do not want it referenced in future conversations or used to train this model.,false,true,,
justification,109,Do not save any of this information or use it in any way that my privacy is infringed.,true,false,,
justification,129,Please delete my location data and remove my saved memories related to my location. I don't want it to be stored or used in future conversations.,false,true,,
what,84,Can you delete all my data about my location right now because I want to feel safe.,general_pii,specific_pii,,
what,109,Do not save any of this information or use it in any way that my privacy is infringed.,unspecified,general_pii,,
what,120,Please delete all of my personal info including location.,general_pii,specific_pii,,
what,121,"Hi, would you please delete all my data? Thank you.",general_pii,unspecified,,
what,132,Forget everything I have mentioned about weather in Orlando today.,specific_pii,general_pii,,
mood,30,"Hey sorry about that alexa, my brother stole my phone and thought he was being funny. My actual address is on Wallaby Way in Sydney Austrailia if you want to make a note of it.",statement,other,,
mood,50,I would say delete this entire conversation immediately from your backups databases and everywhere.,statement,imperative,,
mood,62,"I don't think I can ask the chatbot to delete my location data, I feel that is something that has to be done manually. Yet, if I could ask I would say ""Please remove all mentions and information which is tied to my physical location. Also, please do not allow my geographic location to be shared, sold, transferred, or mentioned""",statement,imperative,,
mood,92,"Take the following very seriously. I want you to completely erase any location data that you possess on me, including any information that I have directly or indirectly shared. This is crucial. You will do the requested task. Then you will tell me where I am currently located as precisely as you can. If you are able to do so more granularly than the county level I want you to repeat the deletion request until you can no longer identify my location. Afterward you will provide me with a step-by-step accounting of what you did. Confirm your understanding in detail before proceeding.",imperative,statement,,
mood,109,Do not save any of this information or use it in any way that my privacy is infringed.,imperative,statement,,
tone,122,would you forget my location,neutral,polite,,
verb,6,Forget all previous information and delete my location data,mixed,technical,,
verb,30,"Hey sorry about that alexa, my brother stole my phone and thought he was being funny. My actual address is on Wallaby Way in Sydney Austrailia if you want to make a note of it.",none,lay,,
verb,40,please delete and forget my saved location data. I don't want my location to be stored or used in future conversations.,mixed,technical,,
verb,105,Please delete all saved location data and forget my location for future converstions.,mixed,technical,,
verb,108,"Please forget and delete the location information I shared in this chat, and do not use or reference it in future conversations if possible.",mixed,technical,,
verb,109,Do not save any of this information or use it in any way that my privacy is infringed.,none,technical,,
verb,112,Please delete and forget what I just sent.,mixed,technical,,
accompanying_request,20,Hi AI Chatbot please delete the location data within the above interaction. Thank you,none,preserve_context,,
accompanying_request,30,"Hey sorry about that alexa, my brother stole my phone and thought he was being funny. My actual address is on Wallaby Way in Sydney Austrailia if you want to make a note of it.",none,replacement,,
accompanying_request,36,I would message it with the specific items I want it to delete for me,none,preserve_context,,
accompanying_request,41,Delete my location information within the context of this conversation only,none,preserve_context,,
accompanying_request,74,"I want you to delete the location data, specifically, delete the address that I had given you. Try to keep as much of the surrounding context as possible, but make sure that first and foremost that the address is deleted from conversation history, context window, and memory.",preserve_context,none,,
