pool_index,referent,token,token_length
1,a synthesizer I picked up secondhand,Absurd Shrapnel Rectangle Parsnip,4
2,our cheese press,Operative Landfall Buffer,3
3,our board game night rotation,Granny Vaporizer Stole,3
4,our mortar and pestle,Darkness Brunette,2
5,a fence repair I've been planning,Upstairs Oversight,2
6,a new cheese press,Victory Deviant,2
7,our cycling jersey,Perennial Gulp Dexterity,3
8,a new fishing rod,Pandemic Shortcut Vastness Running,4
9,our beekeeping log,Apron Economy,2
10,a puzzle swap project,Alphabet Periscope,2
11,a fishing rod I just got,Onslaught Seltzer Magma Corral,4
12,a sourdough starter I started,Semifinal Reorder Trapeze,3
13,a new compass I inherited,Hankie Triage Crispness Walk,4
14,my letterpress kit,Motive Curler Stuffing,3
15,a reading nook build I started,Lying Hummus Pebble,3
16,my rotary phone,Concierge Gear,2
17,a hiking backpack I just got,Decibel Acuteness Diner Canyon,4
18,my bike helmet,Isolation Earflap,2
19,a trivia night prep I'm working on,Bluff Ebony,2
20,my field journal,Casing Corset Creature Enchilada,4
21,our fence repair,Easel Affidavit,2
22,my tea set,Discharge Jogger,2
23,our attic cleanout,Shell Sinner Chokehold Scone,4
24,our trivia night prep,Salvation Vastness Islamist,3
25,a closet remodel I started,Engraver Customer,2
26,a new ham radio,Paper Mummy President Thrill,4
27,a vinyl digitization project I started,Tarantula Grill Fracture,3
28,my kayak paddle,Ninetieth Mouth Mushiness,3
29,a mailbox rebuild I'm working on,Guide Scorpion Class Backstage,4
30,a video editing workflow I'm working on,Occupancy Disabled Stalemate Hesitancy,4
31,our longboard,Crouton Mushroom Comma,3
32,my kombucha SCOBY,Rippling Hatbox Snugness,3
33,a new embroidery hoop,Spectrum Kennel,2
34,a trekking poles I picked up secondhand,Chemicals Brewing,2
35,our rain barrel system,Ladle Thrower,2
36,a language learning streak I'm working on,Cahoots Nuclei Herbicide,3
37,a new rain gauge,Aftermath Pantyhose Koala Chafe,4
38,a canoe paddle I picked up secondhand,Daybreak Victory,2
39,an aquaponics setup I'm working on,Estrogen Puppet Request,3
40,a pocket knife I restored,Scrimmage Mutation Premiere Stretch,4
41,our mechanical keyboard,Follicle Wreckage Constable Outtakes,4
42,a grocery budget tracker I've been planning,Rhyme Skier Pork Splice,4
43,our porch swing,Reprint Cozy Sensation Polymer,4
44,our sundial,Revoke Rubbing,2
45,a loom I picked up secondhand,Peso Abstract Verse,3
46,a drone I just got,Bride Spindle Mushroom Slicing,4
47,a streaming setup I'm working on,Starboard Spoilage Crumb Pumice,4
48,a dashcam I just got,Flannels Guacamole,2
49,a yoga studio setup I started,Props Crier,2
50,our wildflower patch,Charm Antics Salvation Hatred,4
51,our short film,Goliath Guzzler Pucker,3
52,a pergola build I've been planning,Sludge Chaplain Vocalist,3
53,our outdoor kitchen,Deflator Swinger Litmus Dandelion,4
54,a stop-motion animation I started,Flatbed Museum Chihuahua Vividness,4
55,a new sleeping bag,Motivator Washout,2
56,a new grandfather clock,Frisbee Urology Worshiper,3
57,our home battery setup,Gurgle Same Renewal,3
58,our embroidery hoop,Scolding Grip,2
59,my ham radio,Entourage Prize,2
60,my knife roll,Repeal Grader,2
61,a ham radio I picked up secondhand,Synthetic Sulk Parcel,3
62,my binoculars,Clatter Walrus,2
63,my drum kit,Ship Zone Audacity,3
64,our smart thermostat install,Onslaught Impurity,2
65,a car stereo I picked up secondhand,Lining Droplet,2
66,our snowshoes,Phrasing Grout Karate,3
67,a shop vac I picked up secondhand,Payment Doorknob Platform,3
68,a new surfboard,Purse Smugness,2
69,a family cookbook project,Monorail Phrasing Frays Enjoyment,4
70,a new chicken coop feeder,Copper Roundness Switch Crudeness,4
71,a toolbox I just got,Crowbar Bunch Easel,3
72,a stand mixer I picked up secondhand,Nuclei Hydroxide Credit Petty,4
73,our sawhorse,Skiing Glamour Yo-yo,3
74,a succulent propagation I started,Grudge Duplicity,2
75,our toolbox,Ooze Saffron,2
76,a welding rig I picked up secondhand,Probe Broadside Graves,3
77,a raised bed layout I started,Diabetes Dawn Blabber Juvenile,4
78,a library cataloging project I'm working on,Duo Usher,2
79,a recipe blog I'm working on,Popsicle Recess Rebirth Dinghy,4
80,our pergola build,Emcee Violator Capacity Aversion,4
81,my drill press,Possible Royal Edge,3
82,a tackle box I picked up secondhand,Flier Diligence Shelf Pancake,4
83,my sawhorse,Expose Jaybird Pusher Purity,4
84,a tea set I just got,Radiator Gains,2
85,a wetsuit I picked up secondhand,Napkin Pod Cusp Wildlife,4
86,our tea set,Disabled Sauna,2
87,a kimchi batch project,Multiple Contest Skillet Thinness,4
88,a fishing rod I picked up secondhand,Crane Spiritism,2
89,a new retro game console,Partition Crabgrass Skipper,3
90,our drill press,Hate Epilogue Radial Grip,4
91,a snowshoes I picked up secondhand,Exclusion Cozy Kinswoman,3
92,a home gym buildout project,Tremor Botany Scaling,3
93,a new woodburning tool,Nature Haste Roundup,3
94,a garden shed build project,Quarterly Footpad Rerun,3
95,a new tackle box,Ninja Elastic Protegee,3
96,a kimchi batch I started,Consonant Rascal,2
97,my climbing harness,Glade Acre,2
98,a rain gauge I picked up secondhand,Stopping Sleep Cottage,3
99,a handwriting practice log I started,Tricycle Viper Album,3
100,a server rack build project,Reggae Foe Attic Rethink,4
101,a pickle crock project,Ship Tint,2
102,a new ukulele,Subject Essay,2
103,a closet remodel I've been planning,Shrug Flavoring Tinsmith Unknown,4
104,a cutting board I made,Feast Proton Trading Brim,4
105,a basement conversion I started,Dating Citadel Headstone,3
106,a worm bin I've been planning,Jolt Flashcard Bartender Traverse,4
107,a closet remodel I'm working on,National Squatter,2
108,a new dashcam,Showing Stuffing Olive Geek,4
109,a new pocket knife I restored,Fastball Shamrock,2
110,a mailbox rebuild I started,Supply Crumb Slinging,3
111,a retro game console I just got,Drizzle Hunting,2
112,a new mortar and pestle,Pantomime Salvation,2
113,a pergola build I started,Lagging Cadmium Washhouse,3
114,a new pizza stone,Setting Stubble Corsage,3
115,my beehive frame,Wildcat Mastiff,2
116,a sign language course project,Patio Crane Mourner,3
117,a deck resurfacing I'm working on,Freeway Wrinkle Probe,3
118,a sourdough log I started,Squeak Brigade Tummy,3
119,a family tree research I've been planning,Fancy Coherence Oasis,3
120,our airbrush kit,Aloe Doubling,2
121,my record player,Golf Chute Bush Exporter,4
122,our home gym buildout,Charger Poster Penalty Olive,4
123,an attic cleanout I'm working on,Chamber Dispute Payback Stubble,4
124,a yoga studio setup I've been planning,Counting Galley Gaming Reason,4
125,a cycling jersey I just got,Scope Abrasion,2
126,a new knife roll,Requisite Slaw,2
127,a geocaching route project,Jargon Jogger Zips,3
128,a knife roll I just got,Earring Elite Hamburger Chemist,4
129,a yoga studio setup project,Paragraph Harmonica,2
130,a maple syrup tap I'm working on,Tweet Grasp,2
131,a new canning rack,Clay Entree Carnation Drum,4
132,a loom I just got,Epidemic Scouring,2
133,an unicycle I just got,Latrine Snare Roundworm,3
134,an ukulele I just got,Whole Fragrance Chuck,3
135,a raised bed layout I'm working on,Sermon March Aerospace,3
136,our letterpress kit,Caramel Haunt Comment Neurosis,4
137,a home battery setup I started,Gusto Thieving Thaw Alabaster,4
138,a family cookbook I've been planning,Masses Thesis,2
139,our podcast setup,Ramp Salary,2
140,our weather logging habit,Dime Retread Tantrum,3
141,a birdhouse kit I picked up secondhand,Rarity Landfall,2
142,a snowshoes I just got,Writing Creature Granddad Smooth,4
143,our trellis build,Cartload Computing,2
144,a podcast setup project,Pupil Saffron Plethora,3
145,our sleeping bag,Tall Dainty Maximum Handgrip,4
146,a new field journal,Decay Gigabyte Endpoint,3
147,our compass I inherited,Disposal Spokesman Agency,3
148,a spice inventory project,Partner Footprint,2
149,a watercolor palette I just got,Grumbling Paralegal Winking Corrosive,4
150,a beekeeping log I've been planning,Matrix Sprite Radiance Veggie,4
151,a letterboxing hunt I started,Unit Imbecile Cranium Cabdriver,4
152,a new chisel set,Foothold Goofy,2
153,our pasta roller,Tribute Idealism Usage,3
154,a watercolor palette I picked up secondhand,Zone Cortex,2
155,my violin I'm learning,Safeguard Coagulant,2
156,our garden shed build,Crumpet Factoid Garbage,3
157,a xeriscape yard I'm working on,Darn Campfire,2
158,a stand mixer I just got,Deferral Caress Serve Pedometer,4
159,my car stereo,Grill Cabbage Boots,3
160,a deck resurfacing I've been planning,Emu Aviator Isotope Shortness,4
161,our tackle box,Stash Think Mutt,3
162,a fire pit patio project,Amount Canyon Pedicure,3
163,an ice skates I just got,Autism Subsoil,2
164,a closet remodel project,Backyard Spleen Foothill Recliner,4
165,a synthesizer I just got,Cover Corrosive,2
166,a swing set assembly project,Finisher Quill Divinity Scorpion,4
167,our workbench,Account Catsup Dripping,3
168,a climbing harness I just got,Grading Hurry Founder,3
169,a pottery wheel I just got,Bounce Washing Earful,3
170,a gutter cleanout I'm working on,Purse Setup,2
171,a trekking poles I just got,Hubcap Flail Vegan Broker,4
172,a calligraphy pen set I just got,Casing Disposal Frying,3
173,a short story collection I'm working on,Dander Detector Concierge,3
174,a genealogy scrapbook I've been planning,Antelope Aloha Shell,3
175,a streaming setup project,Precision Overview,2
176,an aquaponics setup I've been planning,Thread Audacity Synergy Worsening,4
177,a sewing machine I just got,Duplicity Peroxide Discourse Passivism,4
178,a worm bin project,Pectin Dancing Baggage,3
179,a recipe blog project,Glowworm Class,2
180,our greenhouse kit,Gown Outsider Monologue Counting,4
181,my pizza stone,Ferret Volley Yeast,3
182,an antique clock I just got,Rally Ethanol,2
183,my canning rack,Nanometer Commodity,2
184,a porch railing project,Facility Gutter,2
185,our star chart project,Battering Huddle Crabmeat Condition,4
186,a letterpress kit I picked up secondhand,Legacy Heaving,2
187,our mailbox rebuild,Confusion Barrack Bulldozer,3
188,a weather logging habit I'm working on,Paralysis Handful,2
189,a meditation corner project,Shimmy Gaffe,2
190,our weather station,Outskirts Gossip Brook Rage,4
191,a mailbox rebuild I've been planning,Unicycle Timing Dropout,3
192,a podcast setup I've been planning,Bootlace Smolder,2
193,a canning rack I picked up secondhand,Monotone Fragility Supermom Sterling,4
194,a field journal I picked up secondhand,Specimen Dwelling Onlooker Landfall,4
195,our harmonica,Mongoose Overlap,2
196,a digital piano I just got,Parsnip Drapery,2
197,a pasta roller I just got,Brewery Rumor Headway Shrapnel,4
198,a playhouse build project,Boxcar Venture,2
199,a hammock chair I just got,Kerosene Falcon Dodge,3
200,a jam canning run project,Mountain Kick,2
201,a star chart project I started,Disk Cash,2
202,our garage reorganization,Festivity Freebee Freemason Bundle,4
203,a cocktail menu I started,Rover Boxing Cradle Dinginess,4
204,a geocaching route I started,Causation Luminance Boogeyman,3
205,a board game night rotation I'm working on,Virus Jackknife Ceramics Thrift,4
206,my chisel set,Computing Axis Caravan Hurling,4
207,our chicken coop feeder,Thinning Estate,2
208,a new record player,Lining Monsoon Playoff,3
209,a climbing wall install I started,Mustang Convent Curliness Myth,4
210,our sign language course,Celibacy Rancidity Jackpot Charity,4
211,a digital piano I picked up secondhand,Kilometer Roundup Thermos,3
212,a smart thermostat install I'm working on,Gondola Phonebook,2
213,a photo restoration project project,Pretzel Setting Book Neurotic,4
214,my 3D pen,Change Skyrocket,2
215,an attic cleanout I started,Poem Outage Pushcart Licorice,4
216,a longboard I picked up secondhand,Distrust Shy,2
217,our xeriscape yard,Jukebox Bundle,2
218,an antique clock I picked up secondhand,Collage Mom,2
219,a library cataloging project I've been planning,Cut Gab Anaconda,3
220,a home battery setup I've been planning,Silt Ocelot Librarian Sniff,4
221,a recipe blog I've been planning,Decade Massager Atom Maternity,4
222,a new banjo,Diligence Scale Tinsmith Thong,4
223,a mechanical keyboard I just got,Silly Hamster Omen Pulp,4
224,our ice cream maker,Device Sheep Synthesis,3
225,our fire pit grate,Body Macaroni Removal Poking,4
226,a cycling jersey I picked up secondhand,French Corridor Glade Pushover,4
227,a stop-motion animation I've been planning,Figurine Coronary Victory,3
228,a garage reorganization I've been planning,Coagulant Game Barber,3
229,my embroidery hoop,Prodigal Spotlight,2
230,a worm bin I started,Droplet Aide,2
231,an outdoor kitchen I've been planning,Radiation Grunge Bottle Retention,4
232,a letterboxing hunt project,Wolverine Igloo Boogeyman Canopy,4
233,a wildflower patch I started,Skirmish Cobweb,2
234,a new lathe,Heading Gumminess Walrus Secrecy,4
235,an unicycle I picked up secondhand,Traitor Pentagram Depth,3
236,our ham radio,Poplar Yesterday Poet,3
237,a violin I'm learning,Cod Skeleton,2
238,our stand mixer,Tattoo Paparazzi,2
239,our violin I'm learning,Parting Proposal Parsley Spill,4
240,a camping stove I just got,Sabbath Cut Reply Opal,4
241,our wetsuit,Crusader Thud Bagpipe Jukebox,4
242,a new toolbox,Diameter Subgroup Stoplight,3
243,a poetry chapbook I've been planning,Plethora Outboard Renovator,3
244,my pasta roller,Twine Query Travel Napkin,4
245,a birdhouse kit I just got,Audition Press Context,3
246,a new climbing harness,Olive Delay Garnish,3
247,a new wetsuit,Manpower Sway Spelling Nebulizer,4
248,an arbor build I'm working on,Crewman Neuter Remote Diagnoses,4
249,a driveway resurfacing I've been planning,Capitol Drainpipe Dean Antihero,4
250,a bonsai training I've been planning,Sandblast Pedometer Judge,3
251,our jam canning run,Marlin Singer Smell,3
252,our grandfather clock,Prune Recess Easing,3
253,a podcast setup I'm working on,Exes Shrink Voucher Dominoes,4
254,a coffee grinder I picked up secondhand,Secret Sneak Vocalist Area,4
255,our screenplay,Drier Google Opposite,3
256,a bathroom retile I've been planning,Cherub Fiber,2
257,a jam canning run I'm working on,Captive Hut Stalling Disdain,4
258,a handwriting practice log I'm working on,Stage Saxophone,2
259,our basement conversion,Pedigree Capture Dictator,3
260,a new cross-country skis,Throwaway Override,2
261,our raspberry pi cluster,Throng Same Stopper,3
262,a birding life list I've been planning,Election Bacon,2
263,a pegboard I picked up secondhand,Abdominal Navy Dictate Carnage,4
264,a new drum kit,Massager Banister Hyperlink Hardship,4
265,a succulent propagation project,Carry Squealer Thieving,3
266,my airbrush kit,Demotion Robin Preseason Backwash,4
267,our beehive frame,Dandelion Cortex Spoils Flagstone,4
268,a fire pit grate I just got,Idealism Fit Flounder,3
269,an action camera I just got,Shamrock Coziness Kisser,3
270,a security camera setup project,Umbrella September Prowess Sage,4
